email,password
lghio0@comcast.net,IMV3M6IgP
cmoore1@issuu.com,ihOvETlU
cjerg2@kickstarter.com,TjzxMe
mbreddy3@businessinsider.com,1USESb
bmatthewson4@unesco.org,0Yr7ol
rwailes5@ustream.tv,qZo43l2
mborsnall6@booking.com,BlCdpSWOTeGY
gewings7@github.io,QvVjIbJ2s
manfossi8@netscape.com,vEF9ZeED
gberridge9@vk.com,fo68MDZw0
jsegrotta@dailymotion.com,UtbgkfXI2l
sbustb@amazon.co.jp,eovR9h9o
gcruisec@squidoo.com,ssjm2U
dbelvind@gmpg.org,kipSWa
ghecklee@twitter.com,Km97jLVfc6B
sfruenf@dell.com,bnWRgw0r
gcoyshg@hao123.com,CnNHI5hypxgD
raroninh@linkedin.com,oTu8vF
hpenhalluricki@cnet.com,wXQfeIa2FWI
mpotej@dailymotion.com,bsA2kIVZguVr
mkanek@blogspot.com,qfHZ2Y7
kschollingl@techcrunch.com,lTwZx0yK
bheathornm@behance.net,BEDsuz
candreuzzin@pbs.org,EDifoap
mlaugheraneo@vkontakte.ru,GH1ma7tvHnNf
ahyndep@webnode.com,hLy4mGRT
sdeighanq@sohu.com,P7LEXmggO
erattryr@free.fr,Y1zXRI7vXVrI
ffoulds@4shared.com,UkzEwD4uNo
ahawickt@rambler.ru,1DZxLaPV
jpetrashovu@eepurl.com,rorgYDcKaFr
abartholomewv@nhs.uk,dl9TiT4Br
lvasenkovw@ebay.com,Z1ahAAJ2
arosenfeldx@samsung.com,2WERQMNxn60
ffarriesy@liveinternet.ru,lf0KnMtV
rpestorz@aol.com,kybG7UyxV64
pclifton10@yale.edu,iRAkTF4
tbramo11@de.vu,qNTcbf7
aarnaldi12@ameblo.jp,bH4VXTH
udouglass13@sogou.com,5Nfj3xk
lgue14@webnode.com,H9Di6f7Sb
ddmisek15@infoseek.co.jp,T2PNmIUabovc
amatthewes16@go.com,5VrK7r3X
gkristof17@wikipedia.org,9WR3ZGnro
hdurbann18@uiuc.edu,b2a2g2c3UmuO
crealy19@google.com.au,O31ZjOuDnwI
sbeaty1a@archive.org,MVbrXMKq7Jci
nlangmuir1b@1688.com,cDHmbY7
tpauer1c@irs.gov,wFn9oI0T
mlewry1d@omniture.com,K672cFs5H
rlouden1e@nps.gov,GwweX8k7
dhazeltine1f@cornell.edu,DgUV3ociLf
jdungee1g@cnet.com,A6WqD2
mstockoe1h@blinklist.com,Xa2YSdSDD
mmack1i@msn.com,DcrS7GMKB
jmoultrie1j@google.com.br,ZvwpHIqk4nU
lromaine1k@vinaora.com,PHRPiXL
jjacob1l@hibu.com,sCBFasoqCCO
aecclestone1m@yale.edu,grLrCE
psheppard1n@etsy.com,4T7NnMCDos
ebalfour1o@ox.ac.uk,MB5BYLXdUqdq
ggumbley1p@shop-pro.jp,5GNAuLR
sbleesing1q@squidoo.com,MGldDx
lasgodby1r@live.com,hGbCUEDq
wcanepe1s@imdb.com,DmRjXUDsQM
leisikowitch1t@t-online.de,z504ir
nbaines1u@marriott.com,DxAj4kLkX
cingall1v@nationalgeographic.com,Ieupvp639
salwell1w@drupal.org,i2qD2VO2dan
mmaccumiskey1x@marketwatch.com,O5zw51LoeXE
acoslett1y@amazon.co.uk,eb3uvy
lburbage1z@engadget.com,cnUbZ8g
bredholls20@virginia.edu,jPEh7jHmgu
tsorsby21@shareasale.com,SM4Rbrbyl
dschapiro22@mac.com,4GwQ6ovCR
kort23@dell.com,iF1e7uNNsuIu
abeedom24@chronoengine.com,b9P8Q5DZ0
tpanter25@ebay.com,lUq0E3
ephetteplace26@dell.com,z2AG9tS4M
mwestall27@uiuc.edu,06JpnjeKnif
sdimbleby28@wikia.com,wCJd1wtIk
lkynder29@google.com.au,7LOQOzSkw
cmountjoy2a@purevolume.com,jSmPkm
ggolde2b@google.it,Rx0PdcR
aroisen2c@umn.edu,LwlRHe
tskill2d@apache.org,S5jTB7
vmarco2e@paginegialle.it,0sjOxvy
faiers2f@aboutads.info,gBSKGLErA
dlansdown2g@npr.org,RLEQrrRfd
jdreamer2h@behance.net,bRrxKmLcIy
arobbert2i@unesco.org,fIfMO9D
ksafont2j@booking.com,jtfSwHLOVMw
fthumnel2k@ning.com,zXlCOAlj
aheenan2l@china.com.cn,RtPPISUSfJ
sstrowthers2m@facebook.com,WuX7lQk
ntuddenham2n@twitpic.com,ENpjR7q
hmossbee2o@wikispaces.com,ARpyM6syqo
sledwich2p@cnn.com,FP8XWQoNv
tfessby2q@statcounter.com,ySvZrZx
bdas2r@tmall.com,g1sUMcW
lblofield2s@cmu.edu,r6s5TE
nhampson2t@free.fr,JVRykyxl
jclench2u@joomla.org,9y6VkqdrVUE
etombling2v@slate.com,Eid1Sn8s3N
ffisher2w@economist.com,FKADuCennlcm
tprovest2x@ucoz.ru,7oyJoIpH
whaken2y@msn.com,gC1RLVZu
ndobbie2z@cloudflare.com,aCsyrr1hWc
ldeniske30@vkontakte.ru,9eiKeUV9IFGF
lhoy31@sciencedaily.com,TCm8RC
njohanning32@storify.com,UkLyooOE
msinkings33@earthlink.net,IkHJKuetOGvx
csenecaux34@altervista.org,y1XOPS5uX46H
ggalego35@mediafire.com,9oQniCfzN
egregh36@facebook.com,9xfxciltSul
smcgriffin37@comsenz.com,3yrhkUCx
cgawkroge38@microsoft.com,t48PHUXD0HJ
adrewett39@slashdot.org,NbwL5zIDUE
khandke3a@about.com,8Zu1GgJhmz3y
rbeirne3b@google.nl,y7hoLEHSpFRa
erushe3c@slideshare.net,rAbuxtOVRu
adix3d@blogtalkradio.com,C5ZVzu5R
ranelay3e@slideshare.net,7iN4YB2Zt3M
aazema3f@php.net,iKcKa94V6q7
dreilingen3g@sun.com,Ey584eugn
astirland3h@odnoklassniki.ru,xmj9VlT8
dmeiklam3i@comsenz.com,L0CdZJb
mcockshtt3j@usatoday.com,KXy51hnfEY4u
hapdell3k@plala.or.jp,G55pTkE6BunC
adenkel3l@thetimes.co.uk,BPrbuoQv1
kkyncl3m@dot.gov,McBI3IoT
amaile3n@xrea.com,G6pPQFyb
kjentet3o@bravesites.com,kfO8HD4dXx00
eforbes3p@illinois.edu,nNkhl8T49PW
smaruszewski3q@berkeley.edu,EsC1J6CJ
mtabbitt3r@delicious.com,nsrlwejrLq
gfarquharson3s@alibaba.com,5rbVjrCPf
hgherardesci3t@illinois.edu,SV8aLctMCb
ttrematick3u@reddit.com,3wUUHAP
tmolineaux3v@arizona.edu,1Il1un
hkalkofer3w@dyndns.org,Hzibprw
llapslie3x@tripadvisor.com,cuVrIXvoo0U
garguile3y@google.co.jp,mGnFv9b
uipsgrave3z@mozilla.com,fpE0zGsR
gwyer40@goodreads.com,iw9SOBw
rpratchett41@123-reg.co.uk,QqbxLxujVK3V
spurcell42@blogs.com,vgmRm3
jspargo43@gizmodo.com,dlpL3Yzl7O
htaile44@fotki.com,qYwFU90Lr
vmcmeekin45@huffingtonpost.com,AP0pzM9
estirgess46@jugem.jp,xy8AL2tU
jruddell47@t.co,zBU1QwO54KIS
atown48@a8.net,kcf1yK
bcasterou49@unblog.fr,Q5vTnX
aiamittii4a@bbc.co.uk,SYRaE1tWtcwF
mrossiter4b@mapy.cz,JbUqa5pA2
dliddington4c@networkadvertising.org,qhkKUyEiQdY
phantusch4d@forbes.com,vJliFMuA4
ajirusek4e@netlog.com,hGVeNIFXt
lhayzer4f@blinklist.com,Qlixk9M
smaso4g@g.co,cVUlOq
sboschmann4h@amazon.co.jp,uC9ziJ
afearick4i@aboutads.info,zg9EXE4ErjWX
mhammerstone4j@gizmodo.com,6erSSvcOj
spicford4k@google.com,f0rVlx06Biq
kaldcorn4l@godaddy.com,8KsMWtvY9TiT
wfibbens4m@usnews.com,ATDidvZMi
ddickerson4n@google.es,l41604a
dcharsley4o@reddit.com,DDonj6cbCSn
gdahlen4p@wired.com,lIc2yNvLAvlq
adoughty4q@amazon.de,Q1MzWyxNB
rgianotti4r@wisc.edu,7ml2Zv5FtPH6
pkirgan4s@newyorker.com,KNf5uZ5rRgq
pjodlkowski4t@smh.com.au,ktlJS7eyaP
ahambers4u@nps.gov,y6yO10
jrowantree4v@squarespace.com,00JvrhdhFm
mbeavers4w@yelp.com,jAP5bRxda9
fbabbidge4x@people.com.cn,K1kuVtxzkrG
vbritner4y@google.de,q0nkM2
garden4z@ebay.co.uk,RXxX400a4e
gboniface50@alibaba.com,Q2yNek
ghartegan51@cornell.edu,vmDY0pCHkn3
mshreve52@oakley.com,6DO15ghd
dprophet53@state.tx.us,nBVbdZh
cfearnyhough54@state.gov,d3KnwTOS
rskaid55@ow.ly,40xQscb7vB0
pgarn56@wiley.com,ogY5WAeYzn
wfrancke57@amazon.co.uk,Q5iylVzU
ldomanski58@youtu.be,wS8ncGdL
tbaltzar59@yahoo.com,k6ynMQYU
cclubb5a@vistaprint.com,Z3TsQVSN
zlivezey5b@netscape.com,u3y8AiSfc4m
fdollar5c@zimbio.com,vFAAdPE
cezzy5d@vinaora.com,Zl8bFG0CDxpg
cbliben5e@kickstarter.com,djgK3E0NKHS
htrowl5f@163.com,IbSLefsDqzGC
ptimbridge5g@pagesperso-orange.fr,yueqc5YjaMZc
mhollow5h@webs.com,Fq8u1cSd0fym
lduggen5i@bloglines.com,8oHK7cVet
morthmann5j@cnet.com,a76ufSZlEU
mmccard5k@tmall.com,FEnJArMPGby
oiacovino5l@latimes.com,NuieI3iB
bsawdy5m@topsy.com,zwvJFvhd
taldersley5n@squarespace.com,H1yqNvxbTL6
spearlman5o@artisteer.com,7ebVrz
nguthrie5p@imgur.com,qzZvhJYuCNG
amazzeo5q@jigsy.com,0LVuyW
ftewkesbury5r@nsw.gov.au,5TNmCZXSww
hkondrachenko5s@delicious.com,7UuDhCWcf
ewelfare5t@wsj.com,OweBCdsB
egandar5u@w3.org,nMdTXkEv2T
mmawford5v@quantcast.com,GhNCW8UgM4
centres5w@amazon.co.jp,FkCC3B
bmenichillo5x@hugedomains.com,ZsmdKgo
tdavisson5y@prnewswire.com,R151GBmnF2NH
gdeinhard5z@nifty.com,o35fo5
hgawke60@1688.com,iieG8XCCRh
cholton61@samsung.com,jHSzBWX3v
dcockney62@devhub.com,XoQ540Dq8
jbladen63@howstuffworks.com,OVplyU
ganscott64@craigslist.org,86CyJieSj3
lpaolillo65@surveymonkey.com,anP8IPjiBQ
acrown66@independent.co.uk,ootpIx
klenton67@si.edu,klW7dE6
ktraske68@sphinn.com,PdovX1EuqXeU
bstanmer69@wired.com,pwspf1eXO6w
atrayte6a@friendfeed.com,UZwDuNr
mfreire6b@dedecms.com,OdHhSA6pGZ
lbarribal6c@xing.com,wHMXb9cZfjvG
npetters6d@hhs.gov,JXksWy9fet
ipinchin6e@linkedin.com,U8jO0i5
sbarents6f@miitbeian.gov.cn,luPiVx
kshenfisch6g@patch.com,abvT5vsigQX
vdyball6h@nature.com,5UL32bvZe
kdebnam6i@cdbaby.com,byybQb4LPkVb
kcostelloe6j@ifeng.com,et7FEzV3rZV
kmadders6k@furl.net,5nx01O
sfosdyke6l@slate.com,1lU2AN
qvanhalle6m@independent.co.uk,AyBW0Ok
fskures6n@so-net.ne.jp,Iw29phr
rramsdale6o@salon.com,3BMLAqxeRSd
dcoleridge6p@istockphoto.com,QhPblaKYlu
fcheves6q@samsung.com,4IeFpzajY
mpeyzer6r@nih.gov,ng3f6cV5
callison6s@parallels.com,qAzGlTf
pnewling6t@zdnet.com,S9BXHw7Sth
wrisbie6u@cam.ac.uk,D54NHnfBeol
dliebermann6v@intel.com,eTvNK8Sg1Jvz
skliesl6w@ustream.tv,c13OeH
avalett6x@ftc.gov,nj9DU9h
dgillanders6y@dmoz.org,C0ohaPkRy
dmcdavid6z@fc2.com,GSpUtK4cGGAz
omacveigh70@vimeo.com,odgWJHtDb5
tpankethman71@wix.com,vliGvo8t
nbernardinelli72@fc2.com,Q9VYIogQYXI
bjeves73@discuz.net,NvBkU2VI
mmacaless74@odnoklassniki.ru,YRCuElmzAYx
lhassen75@furl.net,VDc33izcU
jsallter76@hhs.gov,WZNzopXN
ddurden77@etsy.com,75Dy5Q1Eu7s3
rgrigoliis78@tumblr.com,xpBDQzAUjIVc
dmcclifferty79@narod.ru,B23Fq0x05eI1
mabrahart7a@dmoz.org,aa7c48EmI4
mdargan7b@apache.org,Npl29UiG
fenrrico7c@tmall.com,2rzVKAyx
cblackie7d@ehow.com,TOyyBxnY
cyewdall7e@whitehouse.gov,hAGGy94
cbohea7f@multiply.com,bWDmvW
nduckinfield7g@com.com,7WMlxJ
wdeaves7h@multiply.com,Ncr0a9B
hlosselyong7i@blinklist.com,yQUc60
rjapp7j@webs.com,angpVV
fbrahms7k@youtube.com,x93Fqde1QfGI
lroberti7l@mapquest.com,mr4CeM8ViaS
thandes7m@usnews.com,jM0B1Sf
lstubbins7n@weebly.com,BM955zly
dchasemoore7o@mapquest.com,RmoVETEIs
mroskams7p@ox.ac.uk,4SItERakOtsT
kpuig7q@elpais.com,byES99FRC
uabyss7r@google.co.jp,niztJxS
mmartel7s@squidoo.com,DrntSRY2w
fmaulden7t@ustream.tv,HrY2oyY
trivers7u@merriam-webster.com,u6aRSKspnFU
ealven7v@si.edu,YaVguFtLP5
kblankenship7w@wix.com,w69988n
mhallex7x@engadget.com,tOKZDb
idurtnel7y@sogou.com,Dwz47Z
gguerola7z@google.com.br,RVNcK5rh
dcastagnet80@soup.io,pbeDe2jL
ocossons81@clickbank.net,LpKhDc
dyushachkov82@cafepress.com,tG4bAY7
rhuster83@nih.gov,u61ynfHu
rspera84@sitemeter.com,ugAbPq5QS5
fbonifant85@ning.com,CSWp88cqZu
anial86@msn.com,dS2dJlRHzjqO
ihoyer87@cornell.edu,QzGrtscpR
spardal88@aboutads.info,8IjIviwJ
ftelford89@deliciousdays.com,MhFycO
leagger8a@weather.com,cYmTGu2
nokeenan8b@amazon.co.jp,IO3Ut8alPQYt
dtritton8c@msn.com,NzfQaufKL
hdrewery8d@woothemes.com,CseC1sfkB8QQ
sgreep8e@yelp.com,BrkUEn0Ov9BP
thuburn8f@xing.com,rS2YTcaSQxi
alorenzetto8g@upenn.edu,Coikdnkfi
lscardefield8h@tripadvisor.com,FJpjWgL
nvanyutin8i@merriam-webster.com,VN1ZYfzum
clepard8j@gizmodo.com,rZfJAkiuoWv
nsanches8k@virginia.edu,kNUygRct
cmorby8l@blog.com,4CyDz9WPwL
ehusk8m@google.cn,Mj9DV11Ggs
mgrand8n@addthis.com,6hs8BkLkwE5
msturm8o@independent.co.uk,yJJwhcj
wslora8p@google.com.hk,tWg7G6nPFx
bcoveley8q@npr.org,a2Yaz96TIzx
cmerrien8r@nationalgeographic.com,Bz02wJVrzd
adecruse8s@webnode.com,3yAGBs
nkann8t@ebay.com,UoboPnFZE3J
swinnett8u@unc.edu,DCYOXa
lryhorovich8v@facebook.com,9PdtLZlc
mranvoise8w@cbsnews.com,XkYShK0MRw0q
ndeneve8x@wired.com,AHM3WRAceZKY
iiddon8y@ted.com,WADXntlss
ewaterhous8z@ustream.tv,rmBLfpyczwC8
egoldbourn90@reuters.com,g3YlFDhoy
cmichin91@pinterest.com,gOCfwoM
wmallock92@about.me,2UhaIifC1F
kbeddis93@csmonitor.com,B4pZD4AgNfc
apatman94@microsoft.com,aZSWW8PqfY6Y
mbert95@hibu.com,0bOEArjDYO
rreston96@cbsnews.com,qZ6tO5LR5VZ
amoorman97@slate.com,hX572S885Ka
mcorbridge98@examiner.com,S6AUPb
bdusey99@techcrunch.com,QLhKYQ
cepperson9a@goo.gl,W4FHb8k
sstokell9b@washington.edu,A9QiLAeR2D
smenloe9c@cbslocal.com,dMoIpmAAA4kr
sbenit9d@usnews.com,eJBFSh2Jcd2
pferrara9e@eepurl.com,Q4CLhRCV
gbreston9f@delicious.com,8ma8nQAbz
bmum9g@latimes.com,Bj6jvb8YoKKC
mpautard9h@army.mil,HqjTjKPowngc
cmcging9i@bing.com,6mx9GYb7
hrobardey9j@wix.com,mTEfzd8
mminall9k@topsy.com,4hgHc7VdJ0f
jradborn9l@japanpost.jp,Q2zK7C8pVB
qphilot9m@weebly.com,3NM5ooCJsN9l
msearjeant9n@studiopress.com,5rw6nap4dhr
pcicconetti9o@virginia.edu,edWAds6C
clindl9p@seattletimes.com,hsQtM2kSDvP
ljobb9q@instagram.com,W89Mtco
wartis9r@webmd.com,I4gUBdkjd
odebiasi9s@blogtalkradio.com,ipjGZ9VRTl
rbarok9t@homestead.com,JptzuihB4kY
gparradine9u@mediafire.com,6gOgUeuWK
tspencock9v@google.com.au,PL09As
edodwell9w@infoseek.co.jp,emzw4u
rglisenan9x@t.co,DGR2czkTVL9h
coluney9y@pen.io,OcxDjcN9c
eredholes9z@wufoo.com,HzpHubsW24Te
spowa0@weebly.com,UHtSDnzDRPNo
bcazea1@trellian.com,HBjrpsBqV
cbestera2@live.com,qulOPKJScmz
amackimma3@statcounter.com,xNEZcVu
mradborna4@ucoz.com,b4IdszjfQe0
kmineroa5@shinystat.com,Zz8J258xfE
cbowera6@infoseek.co.jp,AKOE9qowNHE
lkeppa7@mit.edu,QD65p1S5M8s
thablota8@oakley.com,ESpGfDK
sgirtona9@bravesites.com,vIRfTlIkNRF1
gbalderstoneaa@patch.com,qHODfD31
njirasekab@opera.com,SB8tm1S8opi
bsheircliffeac@phoca.cz,aS7JUG
dlillad@slashdot.org,3ipdAr2
csouthernsae@mozilla.org,f1wMB0
ibreakwellaf@eventbrite.com,jJuyo6kXWdF
adurieag@usda.gov,QzrCW0
gfollettah@mac.com,URA9JS
dblanceai@mashable.com,vh4wIYczW
dbrehautaj@timesonline.co.uk,u6zGMEt0l
qcraftsak@usda.gov,YyW6Yk0
ckrinksal@123-reg.co.uk,XtEqKI
kjarnellam@independent.co.uk,Zk9jugPnu9
mbeesleyan@bbb.org,mJ0n4QC3
lromeiao@opera.com,UJUDYBD4kPin
proomap@cyberchimps.com,lgxekeo
mvaltiaq@disqus.com,JQhCaH
lbogeysar@nba.com,aQLIs3k49X5S
ayorstonas@dagondesign.com,TQEvw8UVL
rkitchinerat@barnesandnoble.com,ckbxCRR
cpharoahau@bravesites.com,XmRJNnlrxDiM
cmeekingav@networksolutions.com,1AcUo79bifZs
tgortonaw@blogger.com,hGK3PVwJ3p
lodeaax@usatoday.com,LUnq6OF3Zeuj
rkettlesingay@admin.ch,pgALQtWUj
ldohraz@geocities.com,sGzx2sTQqCwX
rtailbyb0@skype.com,j9TFlHXL
davramovitzb1@wikia.com,T6ag36bnuVm4
pperelb2@nifty.com,RNiiz72oT5
gprideb3@friendfeed.com,m1svUABBBxY6
smorenob4@github.com,NC4jtpOdU5
jgarberb5@elegantthemes.com,9z5Pfd4O
jcoffeeb6@ibm.com,83jpEC
hgrimsdikeb7@who.int,L6ayLvy
krawesb8@amazon.co.uk,MDRnkBx7nqU8
ncaudwellb9@csmonitor.com,gnPibXt
mwaightba@ox.ac.uk,GJhpx3ZTjN
jputtanbb@webeden.co.uk,31DYN7fd7QUp
tschlagmanbc@amazonaws.com,kXHNx5K
abuchananbd@uol.com.br,uQkBPFZ
wdiruggerobe@biglobe.ne.jp,7Gz2v7ZmWv
mduigenanbf@quantcast.com,JaAFsWraS
swinterbg@slideshare.net,blkiIam1b3p
yrosenhausbh@walmart.com,J02TWp7XXYwB
aweetchbi@guardian.co.uk,pXawmqogms
atownsendbj@e-recht24.de,RCt4wrBFZLV
mkiebesbk@smugmug.com,Tffrw42d
aschadebl@ucla.edu,5BbmEvggs0L
kskurmbm@feedburner.com,W9NU9QtLY
ofairbairnbn@dot.gov,P5zGDW72d
cmclarensbo@netscape.com,0iNlmzW4
kbraynbp@squarespace.com,3JG9d1K5FPV
cbignallbq@about.com,WNLdWsOjo
cphilotbr@soup.io,b2xkciqFM8
shearnamanbs@twitpic.com,TPeqoWT
mcrackettbt@fc2.com,s9exnzg
ltantumbu@nps.gov,lLLvhl
pduerbv@yahoo.com,OfLcWJA
sgronauerbw@state.tx.us,lmArd7
dphliponbx@reverbnation.com,HHWcA8zKQ3W
kcoleby@fema.gov,y54EfWajyB1
gacottbz@webmd.com,yNxuovHcOel
pevequec0@hp.com,SGd3c8MAY
aosharryc1@webeden.co.uk,zYlTTW
lcassc2@bloglovin.com,tNlu8eq4
bcajklerc3@bandcamp.com,sO5X3A
spavlikc4@amazon.co.jp,O0PrGe1D1ITp
kbeadellc5@themeforest.net,bhrFSD
smulqueenyc6@discovery.com,C04NlR6X
tneevec7@scientificamerican.com,JflCSsGt
cwileyc8@delicious.com,WhdOg07qinE
dmalyonc9@csmonitor.com,x6YZkEcLAO
bcowingca@tmall.com,fs8tQVp6Iqk
estandfieldcb@google.de,Gl2q9B1ilg
wknappettcc@flickr.com,Ol4JzMd0X
cstorahcd@joomla.org,WD4yS1
mjanicce@ebay.co.uk,pZbbFF
fprowsecf@businessinsider.com,MPi3qEb8ZxA
bgilfillancg@php.net,sRVWE3UD0g5
achedzoych@ihg.com,rxPGHRc
tbondarci@princeton.edu,M14HI7NS79xS
cgippcj@nationalgeographic.com,UVeXRJaRqGaI
jjurekck@irs.gov,dSTPFfqz2JLh
nholhousecl@prlog.org,osjruM
vdurdencm@skype.com,VsAMIiynGig
rtorricellacn@opera.com,b5KiYcvP70C
taughtonco@smugmug.com,XAZspW
bsissonscp@ox.ac.uk,eZNaaKNlH9Z5
jloudcq@bbb.org,P7K5VjU
ostaubyncr@whitehouse.gov,RPhMlt93
vrickesiescs@soup.io,SoSx0tL3voXP
akhomichct@earthlink.net,QQGkg9GPmk
cegarcu@admin.ch,uRRuWWGm
tbigmorecv@list-manage.com,kxQaAJkhC
emcgarveycw@blogtalkradio.com,YZv2dqCwb
tdeluecx@cmu.edu,U6G3HAtMjF
ishakesbyecy@ucoz.com,obyMu32
bcaullierecz@so-net.ne.jp,ZLqGiqM
rbarkawayd0@census.gov,O6tdYFTXoI
ksailerd1@wordpress.com,TbF49klXX
ncamollid2@mapquest.com,3WdTyePd5D
acastardd3@scribd.com,MMkAU6
druselind4@sfgate.com,Krgjgi
ebreadond5@noaa.gov,wFvKa9UN
jtetsalld6@pen.io,Rr7OAy
navrahamofd7@simplemachines.org,ex0YNc
amcnalleyd8@drupal.org,yPofDO
fviolletd9@altervista.org,PR4RdlueX1n
nantonovda@ted.com,fMnI3Jnn
abartosikdb@aboutads.info,boc2A78EN
mmertindc@mysql.com,uaoy3jv
tweemsdd@sogou.com,lgpyJf
lmcdonoghde@latimes.com,FqZMHQQFzQY
erainsdf@digg.com,OfVs0UhI6Zi
vsarfassdg@woothemes.com,FCfX0mU
bgerretsendh@hc360.com,xwppbk
edythamdi@youtube.com,4Bybox
rspollendj@desdev.cn,m6QjAHVbuJwL
csantedk@desdev.cn,VwLqRHo
rpidgindl@squarespace.com,Zn8VJHH8BHVU
rbwydm@macromedia.com,y1g1yfgxuhyr
nscamaldn@apache.org,xGOTpo
cjuniferdo@nbcnews.com,dZVf678
classeterdp@google.ca,c7Tkj7I
pvlasyukdq@sitemeter.com,wZxGI6NvoNLp
tbullentdr@yale.edu,HEEJ4a7mG
bhaddonds@godaddy.com,huMxJLhNr5jZ
mkarolovskydt@meetup.com,0BPtDynCy
esharvilldu@barnesandnoble.com,p81h4dKsC
btremellingdv@cisco.com,2PiW2W0U
bjonindw@g.co,0dMjGzq
mantyukhindx@springer.com,egIeiZLCbVlS
bsteggalsdy@hostgator.com,P6EfiOTCE
aantalffydz@nhs.uk,6PIzhpzJU
chugenine0@squidoo.com,XBJHgTg
mjenike1@live.com,64hgbtrRKL
aangravee2@sogou.com,HJvZvn1dqOn
salvese3@comsenz.com,J2qjZV6bH
pmalpase4@livejournal.com,YX6De8dkAMqG
wgromleye5@reddit.com,oQ6392g4
dtrythalle6@rakuten.co.jp,hjyAdinDNFk
fbuyee7@sina.com.cn,TCmTNOzY
lgreenhoughe8@forbes.com,WD2DVOXGt1
scardenase9@chronoengine.com,vjJUF2dn
cdumelowea@businessinsider.com,jwIp7Z4So
mclappsoneb@cnn.com,iwhd3hYUwQ
hbrownettec@phoca.cz,W48xUpSzoX5Q
fharefooted@istockphoto.com,w67MJzEN
cvillageee@123-reg.co.uk,h28PxbqU
llowdeef@shop-pro.jp,wHjOHRnnqAkL
dflanneg@artisteer.com,N74B9eaaHt
mderricoateh@nymag.com,m0mduU
latchlyei@google.ru,GGxQBlx
mollanderej@scribd.com,CaiTUpsuD
tmarjotek@apache.org,Hxvn5n3I8Sjh
rberrillel@mayoclinic.com,rYY2a8
langroveem@walmart.com,TYyoySgrcZd
icomporten@netscape.com,YaayA2EhE
mcastanareseo@yahoo.co.jp,oIZX5XHI9T
searryep@bbb.org,Bn0j2cE
tkidstoneeq@cargocollective.com,BLRdwE
squinceyer@webmd.com,BUMXZYhr
slefrances@rediff.com,74iPAW
mdayleyet@dion.ne.jp,Qzb11Tv5CCIW
ebootlandeu@free.fr,ttHV0FjZJJ
learwakerev@prnewswire.com,qow9eIT
bbatrimew@shareasale.com,pqlIcIeUEu
omenierex@economist.com,rVvufn
ccraikey@admin.ch,t6Rx0Y7N4c1u
ngallopez@redcross.org,oh3XzjdWG
browlettf0@lycos.com,H5DjOWnsAy
lrunnallsf1@webeden.co.uk,phIrIV
bblankhornf2@blogtalkradio.com,OZCLuxwlE
dshoebrookf3@house.gov,fW42C2am
awapplesf4@geocities.com,qRWD4Th
gmccaughenf5@wunderground.com,wA2WKH5
mchalonerf6@sciencedaily.com,8cVfY7pe4H
rbidewelf7@unc.edu,MrkWsw
rrobensf8@spiegel.de,m70E5J
tattwillf9@amazon.co.uk,pT5tdSHPM
moshesnanfa@baidu.com,CHhX5tHtA3
hdogfb@reverbnation.com,J51KaiF
migofc@google.ca,Mkfss6FuivS
jrentenbeckfd@ucsd.edu,NW4OWcDA
jlochriefe@imgur.com,BFGyeYii
fgregoriouff@wikia.com,HOnfAWek
teaglestonefg@phpbb.com,gkbsHKMj1UZ
sspawtonfh@mac.com,cMSl0AW
mbarnardofi@wisc.edu,3Sbv0szF9rV
lremerfj@weather.com,h37pTteNsf
wcammomilefk@chicagotribune.com,GkbiHDTM
bchastneyfl@geocities.jp,KsG1Onb
pterbeckfm@toplist.cz,o40NxPr9n7
sgullickfn@state.tx.us,2HlcsFqSqPdM
bdutchfo@tiny.cc,r2t635
cwhitenfp@unblog.fr,8FGFIWIiNZ
iblackmanfq@dion.ne.jp,1Lp1i2
bkubatschfr@reuters.com,Cjm3SV08
pmatuskafs@whitehouse.gov,TSVk5N1a6ROQ
mspadazzift@google.ru,PQEPB3
lcharkhamfu@chronoengine.com,HCdhY6KmxW7y
jvakhrushinfv@java.com,6SGeWyv3T
gnickolesfw@hubpages.com,HwZsZ6QR1Mq
bomullaneyfx@google.es,NqKs4t
sbumbyfy@i2i.jp,hCcuPlu6
msurmanwellsfz@ovh.net,IGff9F
ggissopg0@jugem.jp,udJRgdYun
atrussloveg1@etsy.com,318UxXAOSj2b
wlerigog2@state.tx.us,8kQnln
gmammattg3@hostgator.com,iQSkF7UHXkkt
rmontfortg4@ameblo.jp,o8Y9VXzdA
whallamg5@meetup.com,ZefjrHj
csmalesg6@hao123.com,s3f36Wp
iagentg7@theatlantic.com,UAzPCGb
lbreakspearg8@state.tx.us,vib9FWlY
jwiskerg9@mlb.com,NMgtLT2K
sdedneyga@google.com.hk,pM1hAnd
swetheredgb@bbb.org,t6WN1Rk1ptI
mrodingergc@blogspot.com,eFZ6oV2CQksP
abruingd@newyorker.com,p8OxjplNn
calasdairge@histats.com,Z37ROlMwgiLO
nwoodardgf@i2i.jp,XsSMqxrzh
marundelgg@constantcontact.com,tHuQmbqYsdTL
agouldsmithgh@businessinsider.com,Xo165T7U
tbruhkegi@telegraph.co.uk,pRsftro
dcasegj@tinypic.com,mUkgXbHAtXxe
abritiangk@usnews.com,8Yv9AYdYMyL
varcasegl@chron.com,xjGaBbf
raindraisgm@ihg.com,Kdn3H16
wsmoutgn@posterous.com,r6xAQwGhOpIH
zantrimgo@elpais.com,6KbiZl
cbilstongp@typepad.com,u6dTpDL
ewanklyngq@taobao.com,GCZ0xFeA
bgilliegr@unc.edu,bVZ4HcF
mmussilligs@google.co.jp,iH2dbm7n
lodoghertygt@sitemeter.com,OJ6sVfi5b
ccolamgu@t.co,kWxvPnx7zHE2
lfriarygv@psu.edu,3epbmtUYuRtm
mdanhergw@geocities.jp,6WqR6KR7H1m6
wburchallgx@pen.io,MeRcuLs3cka
crudegy@ox.ac.uk,D0UYfgfJ
egrewesgz@privacy.gov.au,sJ1yJuKz
rvasnevh0@vinaora.com,8I2e6dAlmEeq
mbranstonh1@cbc.ca,OwMP7kCRgzj
rdemezah2@google.co.jp,mOBilTRo
eglowaczh3@princeton.edu,Tp8u9NU43P
sfritzh4@sciencedaily.com,pu8t0Mv
dkettonh5@ebay.co.uk,BH0FVT1irDiT
msomerscalesh6@alibaba.com,sHmN0GAHS
rlangridgeh7@npr.org,p8EHhNaEGX3
rpurchesh8@arizona.edu,tjS1BOSGuZOe
fmitkinh9@quantcast.com,Q9QvEAj
pschwandtha@google.co.uk,Jrl7zq3dL
nbottelstonehb@buzzfeed.com,40MfTFtIM
mprestnerhc@comcast.net,hLmovWZCgyY
slawmanhd@bbc.co.uk,I1i4PQMPS
kchristiensenhe@ehow.com,gaLTVXFo
ischolfieldhf@cnn.com,28mTI8xfx
dlambswoodhg@ning.com,QwvHwyWjh4xl
fdecorthh@cafepress.com,bonghXr2s4P
smacsorleyhi@de.vu,vwiUvecW
rvampouillehj@usda.gov,hHBhW4Gq8Sy
aharryhk@redcross.org,n3U56NSGM
dsybbehl@umn.edu,w0BsizR
kdelislehm@marriott.com,RWc99U
rfrydhn@hubpages.com,qeEGLT5Cn8U3
lgathererho@skyrock.com,bUHzJYkYR7
ldearlovehp@weibo.com,XA12nUreYB
nwoodstockhq@rediff.com,w9Mg5bY
uthodyhr@360.cn,69VF8ROs
kfourcadehs@senate.gov,4rWVmqlkK
vbeverht@youku.com,pZASqzRAD
kmcneilleyhu@opensource.org,dmibvTi
okimburyhv@parallels.com,mjb05a
mblankinghw@usatoday.com,RblmkxMct
pkasperskihx@ibm.com,lGMqime
mklichhy@yahoo.co.jp,iZuyrRG
cmulberyhz@senate.gov,pqc1QJ1wTowM
svenarti0@blog.com,Pn9yp3
fkeneficki1@desdev.cn,8N4zIW
dbeswethericki2@tumblr.com,1SiJdhc9oFh
fpedlinghami3@shutterfly.com,FXr0Xqg8
troafi4@ameblo.jp,oSH976kH
bknightoni5@samsung.com,1ElOIMAk9wS7
spendlingtoni6@cdc.gov,Oa4OMp06ng
lduffieldi7@paypal.com,hG5C197I5Z
mkenwayi8@comsenz.com,dq867jhYc
aingermani9@mlb.com,ns3FKs
jgrzegorzewiczia@bloglovin.com,CUfceHV
hpollardib@jigsy.com,7eFwFBf
sterzzaic@cloudflare.com,p8Yxz3t2mmsf
sfilyushkinid@bigcartel.com,TTvdNXY
dbenettiniie@tiny.cc,RPJ7ljeDTQrf
hgansbuhlerif@slashdot.org,5fC1qaJO
gvandendaelig@wisc.edu,Na8fDXNc
zmacgarveyih@naver.com,ZAt3xsg
mpeartonii@typepad.com,kHNgdj
tbottomij@ucoz.com,QKalTTat
llebretonik@utexas.edu,cCrkuBW
lpharrowil@admin.ch,VxIC7M6eL
nbirbeckim@spotify.com,yeH8C2PARk2k
afenderin@soundcloud.com,L1yzFUU9qNGi
holynnio@accuweather.com,ZZqNkKM
iwillavoysip@icq.com,psajEuBT6
acoweuppeiq@nydailynews.com,tKgfZuy0f1
bblankettir@china.com.cn,41mqdZdnu
esackleris@google.cn,eqt6v83bCJlU
bbrandoneit@mysql.com,rRGCPnDvS
aminocchiiu@joomla.org,YhXMbBCLCZha
rcozinsiv@stanford.edu,UbiNmW3hJSr9
bledramiw@sciencedirect.com,igAOz4
ftourmellix@skype.com,KT7TlLrKjcBQ
rredwoodiy@weibo.com,K9IYfGtm3z
tdealiz@bandcamp.com,viIdvbp6xMh
zeverardj0@dagondesign.com,9pfa1OW
bkauscherj1@delicious.com,d2a2UtjBpIW
begej2@mashable.com,2eHu0wd
lsalvatorej3@deviantart.com,KTvSMYlxe
bmcgrirlj4@1und1.de,kh0UH4hFDUzN
chalbertj5@answers.com,uQcQAVFBXaZo
crestieauxj6@virginia.edu,LbQxpnRCFyh
bollerearnshawj7@mediafire.com,ht5DhDj
jbarlthropj8@rediff.com,VTDtOvQpXI
ubrosinij9@rediff.com,L7pi72zMR
blauderdaleja@nytimes.com,3PtaGJZEs
ltwinbrowjb@a8.net,UIuFXln4
msmyliejc@simplemachines.org,8JMHcpLVkY
dritmeyerjd@behance.net,ySsywO
lspitellje@japanpost.jp,CRI6rGi52
jcourtonnejf@un.org,rVRapWJs49
jpaliajg@google.co.jp,zrUYOl5k
cbradbeerjh@wunderground.com,cGw1csu1
nwhitelockji@yolasite.com,0EWS1q4BPAl2
morrelljj@ow.ly,YDSS3pZ8uW8
uriguardjk@deviantart.com,qsNiHNzRIgQ
snoeljl@fc2.com,64cjNuZf
mhexumjm@npr.org,KObXclj
fglavisjn@google.ca,Jwj3bhb
abevanjo@csmonitor.com,1LAKXW1ciDH
vhorlockjp@soup.io,U7UmvZ
fcamfieldjq@jalbum.net,wkYvb7fPdQJG
hkiledaljr@networksolutions.com,iLkzUYRp
jsitlingtonjs@creativecommons.org,UfGrYqU
abonhommejt@ovh.net,YE139qqBH
abriteeju@seattletimes.com,zNQbocvsyac
cmattevijv@ibm.com,pJ0gQx7U
bhevnerjw@washingtonpost.com,YOQEM3X1sr
atrowlerjx@prnewswire.com,LgWlWFTpuD
tskentelberyjy@cnbc.com,8FRn3dM
alacelettjz@instagram.com,mK0Vfant1
llydiatek0@gnu.org,MO6xiu
bscoggank1@icio.us,8tHDPGLYPmUv
blaiblek2@prnewswire.com,KHwxEMk
pknaptonk3@nytimes.com,pnNR84zOGQGa
amiddlemassk4@nhs.uk,0fIPeE
kpettersenk5@buzzfeed.com,Ia7gBNdwoo
holiphantk6@harvard.edu,f8iIN1sv5
amongaink7@washingtonpost.com,g7Mg7B6PU8Qa
jflandersk8@amazon.de,FOfevB5G
mleahk9@privacy.gov.au,ON5VMEI
fskeltonka@wufoo.com,OLJEk8W60Gq
sbeddoekb@phpbb.com,zI0Dt2uPfcVf
rolenichevkc@spiegel.de,o3Z48d22CId
hcoalekd@sitemeter.com,G5wz5Jtu4
ainnettke@dropbox.com,y1AHbK
srampagekf@webnode.com,NzMFssRxPxDe
svonweldenkg@oaic.gov.au,Pd3xKJe
hcammockkh@arstechnica.com,6aIXO8nKjF
mambruski@ed.gov,oxfTnHDK8
cspradberykj@vistaprint.com,13MwcR91
alemmekk@last.fm,e5DpULLD
lchatburnkl@sourceforge.net,gUyEg3B
cmcclenankm@godaddy.com,0zX6y1KE
ldimitrukn@economist.com,KmmB0Py9K29
soconorko@walmart.com,pASM1Kqqdw
msteinhamkp@ihg.com,64waMo
aplutherokq@baidu.com,BJBHviYS6U55
rbradshawkr@github.com,NUvz7YxO8f
olebosseks@a8.net,p4XwvbjC
cwainmankt@miitbeian.gov.cn,cl39eJ
mrenolsku@answers.com,unMVx7T7X
rbrimilcombekv@mediafire.com,JiNXEOH5
qwhitnallkw@amazon.co.jp,dABHeJh7jkRh
dmitchelsonkx@jimdo.com,ZtUrvrAgJEu
eantoniewiczky@alexa.com,dg41lsL
ffishbiekz@ovh.net,ZpMj0e
krockwelll0@sbwire.com,uGiQvlZWp
nhakesl1@altervista.org,T6q5Z8S45A
btemplmanl2@businesswire.com,4P1BKdMkX77
rjermynl3@trellian.com,N9r8V8w
cdavorenl4@weebly.com,v6CyRg7HXc
nbadcockl5@msn.com,ZJ1B3QMG
jfeehilyl6@naver.com,XeXobUpK17mq
bpeschetl7@nhs.uk,Db6lGmOf
cdedomenicil8@usda.gov,XdWtIq1
ecoullingl9@about.com,crYrqjVvBV
ehowlela@weather.com,B8GZ7ksTE
ewaylandlb@themeforest.net,4CGZR75bhIr
dcosgreavelc@infoseek.co.jp,muuABQt0
cfredyld@sogou.com,OaZHUZYmiUH
mdeasonle@php.net,zSklaCmRdVqp
wgrunnelllf@vk.com,ucTOWZosb
dbraunrothlg@about.com,bJcjry
gpedriellilh@ucsd.edu,Qj618O
bmitchensonli@washingtonpost.com,LVtY2e
jhargreavelj@lulu.com,93u2YqrrD3A
jpunshonlk@google.it,tjGYgIsBdO2v
aghelardonill@google.de,yT9Oy81
cpietrowiczlm@princeton.edu,R2pSxVW1
svoasln@ycombinator.com,QTLiwfw9ToT
kmenichinilo@google.ca,65asMRXv
knoirlp@shareasale.com,3irbJOVwKu
dprettylq@microsoft.com,5x0U4R4
prhodeslr@tripadvisor.com,qjGizL4Bgs
ajurgesls@constantcontact.com,ksCwvGEaS7
msibillelt@washingtonpost.com,pSluZIuEvvQ
thalliburtonlu@unblog.fr,Iiu31u
dtozerlv@drupal.org,gym2a2xFo
jcollobylw@wikia.com,uDFquoOe1
ldumberelllx@liveinternet.ru,iM6VfJub
asammsly@vkontakte.ru,vJjGh5
sbevillelz@networksolutions.com,8vFUZ9lP0gx
hudenm0@java.com,yF7UVfWWp5r
epapism1@domainmarket.com,vF6Q6SX
lmerchantm2@usa.gov,JksmQrU3
ldorgonm3@google.co.uk,jbBU5bmMFtu
apeeblesm4@ox.ac.uk,NxzxZpwd3
wtippingm5@issuu.com,nHJp1N
dhaylockm6@theglobeandmail.com,FGxhCeeGeGL
opepperrallm7@sciencedirect.com,5JEAnxxbX
ltrainorm8@furl.net,T8CaD1Sgc
rvelezm9@ucla.edu,IGjLiVfw
vhayfieldma@twitpic.com,vkLSAmXzrr
mlinnittmb@buzzfeed.com,B8krUO7FdkJd
theathornmc@dmoz.org,sgA1UszY
bcolvinmd@hao123.com,1GSehr
jfryeme@cnbc.com,UjCgkXWR
hgiggmf@linkedin.com,9oBZWCgFUr5
bisakowiczmg@cbsnews.com,fzkgc5F
gbiasionimh@salon.com,NN3MrjNnG
knaerupmi@wikia.com,ju6PE1SH
bolivermj@4shared.com,LbHlNcAJJTOv
eclimarmk@comsenz.com,OM29RcYy3WY
rjuanesml@earthlink.net,4EONTJbah86m
hdebeauchempmm@hugedomains.com,qV9kWah
pprestneymn@livejournal.com,gp07Co4aMb7
pbelitzmo@mapquest.com,wKx9hoWZkCX
bmatheymp@purevolume.com,xznStsrE2
aallingtonmq@mapy.cz,TeIJEhBKyh
cwalchermr@auda.org.au,sbzRjf3bB
amcmanamonms@walmart.com,5wHbf9ymcVp
cscuttermt@gov.uk,oACQQ7Rj
fmarginsonmu@pen.io,YJ93JU
ableasdalemv@bandcamp.com,D6a4JGBT
sbloomfieldmw@nasa.gov,mof8uolA5
nfarnhammx@google.com,4ApC4xkp
rkindallmy@ycombinator.com,0qCUDp9
cmulhollandmz@prnewswire.com,9V5CBk
rbarehamn0@blog.com,re0eczaJ
htremberthn1@51.la,adKXsJyoL61
keiversn2@cbslocal.com,WQicnvXDkgG
manselmn3@msn.com,LDWZKT8
wworhamn4@independent.co.uk,Or8edrIZ2a
jtyrrelln5@com.com,YUB6JB
stregean6@jimdo.com,JvkcTD1u
kcornfootn7@time.com,nUlVZlo
gfaveln8@dropbox.com,bwsvT5XOD
mloughrann9@yellowpages.com,nC8nc63koejt
hmcfiena@disqus.com,GE7QOO
cchaveynb@princeton.edu,8SW3hJF4ZZ
lbrickhillnc@jigsy.com,F9Ko9ruaju
descoffreynd@delicious.com,IxsKbzGR8MT
kharlowne@techcrunch.com,cmoGtAyTN
dmcallannf@miibeian.gov.cn,xvHpmo1ig
pserrierng@umich.edu,tLK1qXc
lmcraveynh@phoca.cz,E3SaSVyI
hducarmeni@networksolutions.com,yjIEnYTwHS
zhindhaughnj@sitemeter.com,LfwPYE4brJDx
npedricknk@virginia.edu,bOQ97v54vvK
rlevingsnl@sohu.com,zKU7ddUg467
hstaggsnm@booking.com,9obmX4Cyl
tmebesnn@shinystat.com,lzF3dE5WX
hakasterno@tmall.com,Ibrnjvoj8
zwortleynp@qq.com,Ed5NxEk5R7j
ematzkenq@issuu.com,JSM6V2
ghadwicknr@princeton.edu,tFgdYtF
kouletns@squarespace.com,fEANjNaQ
wmarcont@symantec.com,rGEcKZoX1Q
sleightonnu@google.cn,Rk0ziYJD4I
hkenrydnv@so-net.ne.jp,cB9C5XnhpXG
cmemorynw@independent.co.uk,pHFhH4jQud5a
lreinischnx@phpbb.com,sL6QV6Ge75m
tgirkinsny@cdc.gov,u0CeFIJ
mlarmouthnz@washington.edu,NqnFLqv
akonkeo0@vistaprint.com,9ebiYE58L1Yt
rklaffo1@blinklist.com,aKkmZ2NW5
awanleyo2@eepurl.com,4ny6n3o693
nsmoughtono3@quantcast.com,uCyRqAd8IMsB
mfreeberneo4@taobao.com,CDvYLt
gsoonhouseo5@guardian.co.uk,zqHbilWQovc2
lpealo6@cisco.com,Mw66lknzWHf
wdabelso7@cnn.com,lTARAd5
cveldeno8@jiathis.com,eRHGDOu1qno
npeakmano9@netvibes.com,ivg6CTk7
ghaddletonoa@nymag.com,lqYEM2LzJQ
jcurdellob@goodreads.com,lZJ2JZGI
ncunneyoc@nasa.gov,b27LPKUHP
dgaddod@ca.gov,msAxsz
mkellewayoe@geocities.com,2fStgukUrb
cdablingof@wiley.com,7cAkSnMA
berikssonog@biglobe.ne.jp,P34eiHYC
lcamerellooh@wordpress.org,M680e4jRIt
fwaldieoi@behance.net,BuNLbqwT
krolphoj@w3.org,7pZFj88mK
lcamfieldok@buzzfeed.com,xP0XQw4
mringol@ca.gov,Yh1CnREnPfx6
amcgrathom@bing.com,jsvjRmne
wsmithsonon@businessinsider.com,2iS0xtL
ifarnilloo@geocities.com,RVpHV5zDKGhr
scinelliop@wikimedia.org,7X9rVnzafyDa
rmagilloq@wordpress.org,LXy0bStF
dbraidwoodor@storify.com,IsXyXL1DNE
bmcveaghos@mit.edu,4AJNNc0OrPK
msimionatoot@infoseek.co.jp,pTx1XhMDmHA
jtrittenou@berkeley.edu,gJDrIDEvV
lsodeauov@macromedia.com,4bIysWTUvW
agormallyow@msu.edu,PGpNHch
cradishox@youtu.be,WiiDfPq
rkauscheroy@cbslocal.com,plEBkT
uprobatoz@guardian.co.uk,36jsgVaCv
cciciottip0@tinyurl.com,aKyQC6v9J
chowlinp1@toplist.cz,7M1yWkc0
smactaguep2@businesswire.com,vVRUiRqGq
epresnallp3@exblog.jp,RKR4NICE5
abaglanp4@army.mil,HZiHGH7guY
bagirrep5@ustream.tv,mEmsnd
ddeyp6@zimbio.com,pTTjoIPO4
ptraylenp7@wired.com,Jv6Fk8s2
crydingsp8@weibo.com,IoATdsfcQXIS
jchastandp9@pbs.org,ayIlQsD508
isokillpa@sciencedaily.com,gHO52vkXR4N
croysonpb@unblog.fr,Z3msNj
tprudencepc@nydailynews.com,xieM9uR3mB
rdunstallpd@biglobe.ne.jp,qyfnh1c6
skopjepe@shareasale.com,7TfFpSnnC
nklemmtpf@berkeley.edu,qRTS2PL
pskoggingspg@scribd.com,8Yu31huoL
rchippsph@seattletimes.com,jD0ntvT
iklausenpi@indiegogo.com,Sv83lZmLgd
skuzemkapj@ebay.co.uk,LtO7mG
fstewardpk@pbs.org,ZmfwapQhUJ
cgaleapl@google.com.br,fv14f53IMhk
isymingtonpm@cisco.com,AXEuIlAGXL
fhaseldenpn@home.pl,tOBiIbJ84Ym
astyantpo@i2i.jp,vLSD5pe
vrandpp@addtoany.com,FRpw5kmyciOR
rgunsonpq@craigslist.org,Kp5B9oov0I9
dshillabearpr@tripadvisor.com,vQwo3rL73P
bgorickeps@auda.org.au,i415qH877
kgossept@rakuten.co.jp,h9ZJR39Dqcv
lkitchinhampu@de.vu,PPGveO127Gn
sbocklerpv@engadget.com,WFyqrK7RB
lbrittanpw@ning.com,fk78BpBNoe
eharmstonpx@flickr.com,zdHvI8H4WLK
mhewinspy@behance.net,YYGiGqu
phattpz@digg.com,NcXYI9zdkZg
mgrigolashvillq0@rambler.ru,X85IMK4i
tprettjohnq1@sfgate.com,4Z6ugJ
bfraysq2@artisteer.com,PXXvFtzb
wbuttq3@blogtalkradio.com,2zEQwKcX8
vmustchinq4@go.com,xslL2ap
sbroselq5@amazon.co.jp,SAxdPPM
wjohnesq6@github.io,Mxa7Ei5uo1nM
laudleyq7@google.pl,2shcBiI6OB
rsteensonq8@simplemachines.org,uRe1gXYmfD
twigfallq9@examiner.com,jNLnlM
afassmannqa@meetup.com,JPyAoR
vgettoneqb@weibo.com,kAiJdOQb6Ed
zrogansqc@bloomberg.com,WwpFX5
dfilippoqd@google.es,AM31HLZjV6Q
dapedaileqe@spotify.com,VK7GDz6siHs
ebarnbrookqf@baidu.com,y3cgegot4
odrewsonqg@globo.com,rmhN8Nw9T3od
mmacparlanqh@odnoklassniki.ru,OnIL0i
jmapstonqi@engadget.com,siBZSjl8
arosbottomqj@marriott.com,uZVAN4k5
ahamsteadqk@dropbox.com,SBX4k3RMc0
hskatesql@ucla.edu,XflcaRQvQ8j
cattrideqm@ning.com,E9KBSgy1o
kheinritzqn@miibeian.gov.cn,zPqkln2
owychardqo@moonfruit.com,GvRWJb3
jcorringtonqp@goodreads.com,zJ3LW9Yi
frustedqq@ucsd.edu,Xs9x48p9Z7XY
hmcwatersqr@freewebs.com,QO2BlgF
mmcguireqs@nationalgeographic.com,ffxI7NB0uP
mmourgeqt@barnesandnoble.com,BjQOKriJw
sedlestonequ@time.com,SedYRZpJpi
nrawneqv@cocolog-nifty.com,3XMaHKBr3JN
fpereiraqw@bravesites.com,b0g7bUD
ngraysmarkqx@princeton.edu,RyVbIpp
lvarvellqy@elegantthemes.com,dFoVbdwTU
bhyndeqz@youtube.com,dY1LMeU
yshutler0@wsj.com,S6fPHLTezDc
lpetrushankor1@friendfeed.com,qTgrv5aOC7
rwoolensr2@last.fm,lCfDlmw
kgealler3@indiegogo.com,zyAGw3xs7O4G
ncrosettor4@geocities.jp,HcFqBt
ipavelr5@yelp.com,GOo8eQiivCRD
dellerr6@amazon.de,g5N0v4f4Yd
dbackenr7@independent.co.uk,xxFdlg8W
jmacinnesr8@naver.com,c1AqYC9M1
lecobr9@myspace.com,LwfG9D
abolithora@geocities.com,s7ZwmyO
jfoshrb@cafepress.com,LTjglTZv
skloisnerrc@cornell.edu,c6TrnZk
ldalleyrd@wordpress.com,6QE5h5
ktasselerre@clickbank.net,xkHax9
oabreyrf@digg.com,OdSbLB8uT4rQ
ncaberasrg@linkedin.com,JRE6DMOG8B
aburlrh@privacy.gov.au,xCpTZif1p
toxfordri@mtv.com,7C9ZpgP
mstrainerj@biblegateway.com,hrYWxM
bdentonrk@google.fr,36kTCcdbm4
efarrrl@unblog.fr,6AedolpVjj3
nkelsallrm@xrea.com,1xOBrO3OZOd
rlantiffrn@nsw.gov.au,fsxiPBJ
bleanderro@nps.gov,D8cASi1MQjtI
acoccirp@msn.com,6c2JjQ
rsparrowrq@blog.com,1flVwunk9gg
rpenwellrr@thetimes.co.uk,e8H2kTiqys
